name,description,url
changeme_name1,changeme_Description1,https://changeme_url1.com/api/health
changeme_name2,changeme_Description2,https://changeme_url2.com/api/health
changeme_name3,changeme_Description3,https://changeme_url3.com/api/health
changeme_name4,changeme_Description4,https://changeme_url4.com/api/health
changeme_name5,changeme_Description5,https://changeme_url5.com/api/health
changeme_name6,changeme_Description6,https://changeme_url6.com/api/health
changeme_name7,changeme_Description7,https://changeme_url7.com/api/health
changeme_name8,changeme_Description8,https://changeme_url8.com/api/health
changeme_name9,changeme_Description9,https://changeme_url9.com/api/health
changeme_name0,changeme_Description0,https://changeme_url0.com/api/health
